station_code,provider_id,municipality,name_en,name_it,name_de,standard_name,netex_type,netex_vehicletypes,netex_layout,netex_hazard_prohibited,netex_charging,netex_surveillance,netex_reservation,lat,lon
Bruneck-Mobilitaetszentrum,Bruneck-Mobilitaetszentrum,Brunico,Parking Bruneck Mobility Center ,Parcheggio Brunico Centro Mobilità,Parking Bruneck Mobility Center ,Parkplatz Bruneck Mobilitaetszentrum,urbanParking,allPassengerVehicles,openSpace,false,false,true,noReservations,46.79246,11.92889
Salurn-Bahnhof,Salurn-Bahnhof,Salorno,Parking Salurn Mobility Center ,Parcheggio Salorno Centro Mobilità,Parking Salurn Mobility Center ,Parkplatz Salurn Mobilitaetszentrum,urbanParking,allPassengerVehicles,openSpace,false,false,true,noReservations,46.2459784652761,11.2035783419516
Bruneck-Mobilitaetszentrum_A001_010_STD,733b3ee3-ff74-4ec9-b799-cfbd1d909c58,Brunico,Parking Bruneck Mobility Center (A001_010_STD),Parcheggio Brunico Centro Mobilità (A001_010_STD),Parkplatz Bruneck Mobilitätszentrum (A001_010_STD),Parkplatz Bruneck Mobilitaetszentrum (A001_010_STD),urbanParking,allPassengerVehicles,openSpace,false,false,true,noReservations,46.79246,11.92889
Bruneck-Mobilitaetszentrum_A002_009_STD,8079ecfc-104e-4d70-9f55-01ca83262e45,Brunico,Parking Bruneck Mobility Center (A002_009_STD),Parcheggio Brunico Centro Mobilità (A002_009_STD),Parkplatz Bruneck Mobilitätszentrum (A002_009_STD),Parkplatz Bruneck Mobilitaetszentrum (A002_009_STD),urbanParking,allPassengerVehicles,openSpace,false,false,true,noReservations,46.79246,11.92889
Bruneck-Mobilitaetszentrum_A003_008_STD,ae0223a4-a077-4a89-8044-aeb1eda32f55,Brunico,Parking Bruneck Mobility Center (A003_008_STD),Parcheggio Brunico Centro Mobilità (A003_008_STD),Parkplatz Bruneck Mobilitätszentrum (A003_008_STD),Parkplatz Bruneck Mobilitaetszentrum (A003_008_STD),urbanParking,allPassengerVehicles,openSpace,false,false,true,noReservations,46.79246,11.92889
Bruneck-Mobilitaetszentrum_A004_011_STD,fa9e9005-ece2-4d4a-bd9b-90694f57508e,Brunico,Parking Bruneck Mobility Center (A004_011_STD),Parcheggio Brunico Centro Mobilità (A004_011_STD),Parkplatz Bruneck Mobilitätszentrum (A004_011_STD),Parkplatz Bruneck Mobilitaetszentrum (A004_011_STD),urbanParking,allPassengerVehicles,openSpace,false,false,true,noReservations,46.79246,11.92889
Bruneck-Mobilitaetszentrum_A005_009_STD,1055356d-2485-4566-b8fd-c9fbfb38962d,Brunico,Parking Bruneck Mobility Center (A005_009_STD),Parcheggio Brunico Centro Mobilità (A005_009_STD),Parkplatz Bruneck Mobilitätszentrum (A005_009_STD),Parkplatz Bruneck Mobilitaetszentrum (A005_009_STD),urbanParking,allPassengerVehicles,openSpace,false,false,true,noReservations,46.79246,11.92889
Bruneck-Mobilitaetszentrum_A006_023_STD,ce79b4a1-6e7b-4a04-9166-3e1af2046ea9,Brunico,Parking Bruneck Mobility Center (A006_023_STD),Parcheggio Brunico Centro Mobilità (A006_023_STD),Parkplatz Bruneck Mobilitätszentrum (A006_023_STD),Parkplatz Bruneck Mobilitaetszentrum (A006_023_STD),urbanParking,allPassengerVehicles,openSpace,false,false,true,noReservations,46.79246,11.92889
Bruneck-Mobilitaetszentrum_A007_018_STD,3f87d6f5-350f-4421-9e99-778d081f550b,Brunico,Parking Bruneck Mobility Center (A007_018_STD),Parcheggio Brunico Centro Mobilità (A007_018_STD),Parkplatz Bruneck Mobilitätszentrum (A007_018_STD),Parkplatz Bruneck Mobilitaetszentrum (A007_018_STD),urbanParking,allPassengerVehicles,openSpace,false,false,true,noReservations,46.79246,11.92889
Bruneck-Mobilitaetszentrum_A008_021_STD,356aefea-94e0-4c60-9f2b-dab2bd592071,Brunico,Parking Bruneck Mobility Center (A008_021_STD),Parcheggio Brunico Centro Mobilità (A008_021_STD),Parkplatz Bruneck Mobilitätszentrum (A008_021_STD),Parkplatz Bruneck Mobilitaetszentrum (A008_021_STD),urbanParking,allPassengerVehicles,openSpace,false,false,true,noReservations,46.79246,11.92889
Bruneck-Mobilitaetszentrum_A009_008_STD,0f710441-8b98-4f72-a290-be624bee2d52,Brunico,Parking Bruneck Mobility Center (A009_008_STD),Parcheggio Brunico Centro Mobilità (A009_008_STD),Parkplatz Bruneck Mobilitätszentrum (A009_008_STD),Parkplatz Bruneck Mobilitaetszentrum (A009_008_STD),urbanParking,allPassengerVehicles,openSpace,false,false,true,noReservations,46.79246,11.92889
Bruneck-Mobilitaetszentrum_A010_006_STD,a10447fb-c4d7-4e05-a90a-2583bfbec88a,Brunico,Parking Bruneck Mobility Center (A010_006_STD),Parcheggio Brunico Centro Mobilità (A010_006_STD),Parkplatz Bruneck Mobilitätszentrum (A010_006_STD),Parkplatz Bruneck Mobilitaetszentrum (A010_006_STD),urbanParking,allPassengerVehicles,openSpace,false,false,true,noReservations,46.79246,11.92889
Bruneck-Mobilitaetszentrum_A011_015_STD,b18a2feb-8dc9-4518-8530-4611a24cff7b,Brunico,Parking Bruneck Mobility Center (A011_015_STD),Parcheggio Brunico Centro Mobilità (A011_015_STD),Parkplatz Bruneck Mobilitätszentrum (A011_015_STD),Parkplatz Bruneck Mobilitaetszentrum (A011_015_STD),urbanParking,allPassengerVehicles,openSpace,false,false,true,noReservations,46.79246,11.92889
Bruneck-Mobilitaetszentrum_A012_009_STD,90abca20-d0c7-4c9c-8154-0c2ccfd1ac42,Brunico,Parking Bruneck Mobility Center (A012_009_STD),Parcheggio Brunico Centro Mobilità (A012_009_STD),Parkplatz Bruneck Mobilitätszentrum (A012_009_STD),Parkplatz Bruneck Mobilitaetszentrum (A012_009_STD),urbanParking,allPassengerVehicles,openSpace,false,false,true,noReservations,46.79246,11.92889
Bruneck-Mobilitaetszentrum_A013_014_STD,cb08c1de-0df3-4234-938a-a98fce82c8fc,Brunico,Parking Bruneck Mobility Center (A013_014_STD),Parcheggio Brunico Centro Mobilità (A013_014_STD),Parkplatz Bruneck Mobilitätszentrum (A013_014_STD),Parkplatz Bruneck Mobilitaetszentrum (A013_014_STD),urbanParking,allPassengerVehicles,openSpace,false,false,true,noReservations,46.79246,11.92889
Bruneck-Mobilitaetszentrum_A014_019_STD,cc5be853-2fd7-41f0-9b08-0cfb499e0eec,Brunico,Parking Bruneck Mobility Center (A014_019_STD),Parcheggio Brunico Centro Mobilità (A014_019_STD),Parkplatz Bruneck Mobilitätszentrum (A014_019_STD),Parkplatz Bruneck Mobilitaetszentrum (A014_019_STD),urbanParking,allPassengerVehicles,openSpace,false,false,true,noReservations,46.79246,11.92889
Bruneck-Mobilitaetszentrum_A015_010_STD,579ec293-e7a4-49ed-9fb1-5b2ffc47c47c,Brunico,Parking Bruneck Mobility Center (A015_010_STD),Parcheggio Brunico Centro Mobilità (A015_010_STD),Parkplatz Bruneck Mobilitätszentrum (A015_010_STD),Parkplatz Bruneck Mobilitaetszentrum (A015_010_STD),urbanParking,allPassengerVehicles,openSpace,false,false,true,noReservations,46.79246,11.92889
Bruneck-Mobilitaetszentrum_A016_004_STD,2c3608a6-9028-4e13-a8f4-1a311f77ee75,Brunico,Parking Bruneck Mobility Center (A016_004_STD),Parcheggio Brunico Centro Mobilità (A016_004_STD),Parkplatz Bruneck Mobilitätszentrum (A016_004_STD),Parkplatz Bruneck Mobilitaetszentrum (A016_004_STD),urbanParking,allPassengerVehicles,openSpace,false,false,true,noReservations,46.79246,11.92889
Bruneck-Mobilitaetszentrum_A017_019_DIS,71c5a1f0-54b7-4a2b-8d40-4107f824cec0,Brunico,Parking Bruneck Mobility Center (A017_019_DIS),Parcheggio Brunico Centro Mobilità (A017_019_DIS),Parkplatz Bruneck Mobilitätszentrum (A017_019_DIS),Parkplatz Bruneck Mobilitaetszentrum (A017_019_DIS),urbanParking,allPassengerVehicles,openSpace,false,false,true,noReservations,46.79246,11.92889
Bruneck-Mobilitaetszentrum_A018_002_LKW,c3c2834d-ad81-4122-9632-d7dfe70dde21,Brunico,Parking Bruneck Mobility Center (A018_002_LKW),Parcheggio Brunico Centro Mobilità (A018_002_LKW),Parkplatz Bruneck Mobilitätszentrum (A018_002_LKW),Parkplatz Bruneck Mobilitaetszentrum (A018_002_LKW),urbanParking,allPassengerVehicles,openSpace,false,false,true,noReservations,46.79246,11.92889
